roll,pitch,yaw,x,y,z
-1.29882,0.345977,-1.29815,0.190362,-0.0830615,-0.173741
